-- Populate development data with realistic timestamps
-- This migration adds test data with varied timestamps for development and testing

-- Insert API keys for testing
INSERT INTO api_user (id, username, role, password, expires_at) VALUES
    ('9f685bd0-90e6-479a-99b6-3fad28d2a001', 'api-key-user', 'api-user', '$2a$10$1M/kyr.zOz6y9Owsp8qDUul1RmUfaI0zapjZED4wdwO1nLZ3Jz7OW', NOW() + INTERVAL '1 year'),
    ('9f685bd0-90e6-479a-99b6-3fad28d2a002', 'api-key-admin', 'api-admin', '$2a$10$1M/kyr.zOz6y9Owsp8qDUul1RmUfaI0zapjZED4wdwO1nLZ3Jz7OW', NOW() + INTERVAL '1 year'),
    ('9f685bd0-90e6-479a-99b6-3fad28d2a003', 'blog-analytics-key', 'api-user', '$2a$10$1M/kyr.zOz6y9Owsp8qDUul1RmUfaI0zapjZED4wdwO1nLZ3Jz7OW', NOW() + INTERVAL '6 months'),
    ('9f685bd0-90e6-479a-99b6-3fad28d2a004', 'poindl-website-key', 'api-user', '$2a$10$1M/kyr.zOz6y9Owsp8qDUul1RmUfaI0zapjZED4wdwO1nLZ3Jz7OW', NOW() + INTERVAL '1 year'),
    ('9f685bd0-90e6-479a-99b6-3fad28d2a005', 'dev-testing-key', 'api-user', '$2a$10$1M/kyr.zOz6y9Owsp8qDUul1RmUfaI0zapjZED4wdwO1nLZ3Jz7OW', NOW() + INTERVAL '3 months'),
    ('9f685bd0-90e6-479a-99b6-3fad28d2a006', 'monitoring-service', 'api-admin', '$2a$10$1M/kyr.zOz6y9Owsp8qDUul1RmUfaI0zapjZED4wdwO1nLZ3Jz7OW', NOW() + INTERVAL '2 years');

-- Insert test pages with varied domains
INSERT INTO page (id, path, domain, page_added) VALUES
                                                    ('9f685bd0-90e6-479a-99b6-2fad28d2a641', '/', 'blog.tohuwabohu.io', NOW() - INTERVAL '30 days'),
                                                    ('9f685bd0-90e6-479a-99b6-2fad28d2a642', '/contact', 'poindl.info', NOW() - INTERVAL '25 days'),
                                                    ('9f685bd0-90e6-479a-99b6-2fad28d2a643', '/experience', 'poindl.info', NOW() - INTERVAL '20 days'),
                                                    ('9f685bd0-90e6-479a-99b6-2fad28d2a644', '/tags/accessibility', 'blog.tohuwabohu.io', NOW() - INTERVAL '15 days'),
                                                    ('9f685bd0-90e6-479a-99b6-2fad28d2a645', '/tags', 'blog.tohuwabohu.io', NOW() - INTERVAL '10 days'),
                                                    ('9f685bd0-90e6-479a-99b6-2fad28d2a646', '/imprint', 'poindl.info', NOW() - INTERVAL '5 days'),
                                                    ('9f685bd0-90e6-479a-99b6-2fad28d2a647', '/tags/java', 'blog.tohuwabohu.io', NOW() - INTERVAL '3 days'),
                                                    ('9f685bd0-90e6-479a-99b6-2fad28d2a648', '/', 'poindl.info', NOW() - INTERVAL '1 day');

-- Insert test visitors
INSERT INTO visitor (id, info, first_seen, user_agent, country) VALUES
        ('9f685bd0-90e6-479a-99b6-2fad28d2a641', 'redacted_hash_1', NOW() - INTERVAL '30 days', 'Mozilla/5.0 (Macintosh; Intel Mac OS X 10_15_7)', 'US'),
        ('9f685bd0-90e6-479a-99b6-2fad28d2a642', 'redacted_hash_2', NOW() - INTERVAL '29 days', 'Mozilla/5.0 (Windows NT 10.0; Win64; x64)', 'DE'),
        ('9f685bd0-90e6-479a-99b6-2fad28d2a643', 'redacted_hash_3', NOW() - INTERVAL '28 days', 'Mozilla/5.0 (X11; Linux x86_64)', 'FR'),
        ('9f685bd0-90e6-479a-99b6-2fad28d2a644', 'redacted_hash_4', NOW() - INTERVAL '25 days', 'Mozilla/5.0 (iPhone; CPU iPhone OS 16_0)', 'GB'),
        ('9f685bd0-90e6-479a-99b6-2fad28d2a645', 'redacted_hash_5', NOW() - INTERVAL '20 days', 'Mozilla/5.0 (Android 12; Mobile)', 'CA'),
        ('9f685bd0-90e6-479a-99b6-2fad28d2a646', 'redacted_hash_6', NOW() - INTERVAL '15 days', 'Mozilla/5.0 (Macintosh; Intel Mac OS X 10_15_7)', 'JP'),
        ('9f685bd0-90e6-479a-99b6-2fad28d2a647', 'redacted_hash_7', NOW() - INTERVAL '10 days', 'Mozilla/5.0 (Windows NT 10.0; Win64; x64)', 'AU'),
        ('9f685bd0-90e6-479a-99b6-2fad28d2a648', 'redacted_hash_8', NOW() - INTERVAL '5 days', 'Mozilla/5.0 (X11; Linux x86_64)', 'NL'),
        ('9f685bd0-90e6-479a-99b6-2fad28d2a649', 'redacted_hash_9', NOW() - INTERVAL '3 days', 'Mozilla/5.0 (iPad; CPU OS 16_0)', 'SE'),
        ('9f685bd0-90e6-479a-99b6-2fad28d2a640', 'redacted_hash_10', NOW() - INTERVAL '1 day', 'Mozilla/5.0 (Macintosh; Intel Mac OS X 10_15_7)', 'NO'),
        ('9f685bd0-90e6-479a-99b6-2fad28d2a651', 'redacted_hash_11', NOW() - INTERVAL '30 days', 'Mozilla/5.0 (Windows NT 10.0; Win64; x64)', 'US'),
        ('9f685bd0-90e6-479a-99b6-2fad28d2a652', 'redacted_hash_12', NOW() - INTERVAL '29 days', 'Mozilla/5.0 (Macintosh; Intel Mac OS X 10_15_7)', 'DE'),
        ('9f685bd0-90e6-479a-99b6-2fad28d2a653', 'redacted_hash_13', NOW() - INTERVAL '28 days', 'Mozilla/5.0 (iPhone; CPU iPhone OS 16_0)', 'FR'),
        ('9f685bd0-90e6-479a-99b6-2fad28d2a654', 'redacted_hash_14', NOW() - INTERVAL '27 days', 'Mozilla/5.0 (Android 12; Mobile)', 'GB'),
        ('9f685bd0-90e6-479a-99b6-2fad28d2a655', 'redacted_hash_15', NOW() - INTERVAL '26 days', 'Mozilla/5.0 (X11; Linux x86_64)', 'CA'),
        ('9f685bd0-90e6-479a-99b6-2fad28d2a656', 'redacted_hash_16', NOW() - INTERVAL '25 days', 'Mozilla/5.0 (iPad; CPU OS 16_0)', 'JP'),
        ('9f685bd0-90e6-479a-99b6-2fad28d2a657', 'redacted_hash_17', NOW() - INTERVAL '24 days', 'Mozilla/5.0 (Windows NT 10.0; Win64; x64)', 'AU'),
        ('9f685bd0-90e6-479a-99b6-2fad28d2a658', 'redacted_hash_18', NOW() - INTERVAL '23 days', 'Mozilla/5.0 (Macintosh; Intel Mac OS X 10_15_7)', 'NL'),
        ('9f685bd0-90e6-479a-99b6-2fad28d2a659', 'redacted_hash_19', NOW() - INTERVAL '22 days', 'Mozilla/5.0 (X11; Linux x86_64)', 'SE'),
        ('9f685bd0-90e6-479a-99b6-2fad28d2a660', 'redacted_hash_20', NOW() - INTERVAL '21 days', 'Mozilla/5.0 (iPhone; CPU iPhone OS 16_0)', 'NO'),
        ('9f685bd0-90e6-479a-99b6-2fad28d2a661', 'redacted_hash_21', NOW() - INTERVAL '20 days', 'Mozilla/5.0 (Android 12; Mobile)', 'IT'),
        ('9f685bd0-90e6-479a-99b6-2fad28d2a662', 'redacted_hash_22', NOW() - INTERVAL '19 days', 'Mozilla/5.0 (iPad; CPU OS 16_0)', 'ES'),
        ('9f685bd0-90e6-479a-99b6-2fad28d2a663', 'redacted_hash_23', NOW() - INTERVAL '18 days', 'Mozilla/5.0 (Windows NT 10.0; Win64; x64)', 'BR'),
        ('9f685bd0-90e6-479a-99b6-2fad28d2a664', 'redacted_hash_24', NOW() - INTERVAL '17 days', 'Mozilla/5.0 (Macintosh; Intel Mac OS X 10_15_7)', 'MX'),
        ('9f685bd0-90e6-479a-99b6-2fad28d2a665', 'redacted_hash_25', NOW() - INTERVAL '16 days', 'Mozilla/5.0 (X11; Linux x86_64)', 'IN'),
        ('9f685bd0-90e6-479a-99b6-2fad28d2a666', 'redacted_hash_26', NOW() - INTERVAL '15 days', 'Mozilla/5.0 (iPhone; CPU iPhone OS 16_0)', 'KR'),
        ('9f685bd0-90e6-479a-99b6-2fad28d2a667', 'redacted_hash_27', NOW() - INTERVAL '14 days', 'Mozilla/5.0 (Android 12; Mobile)', 'CN'),
        ('9f685bd0-90e6-479a-99b6-2fad28d2a668', 'redacted_hash_28', NOW() - INTERVAL '13 days', 'Mozilla/5.0 (iPad; CPU OS 16_0)', 'RU'),
        ('9f685bd0-90e6-479a-99b6-2fad28d2a669', 'redacted_hash_29', NOW() - INTERVAL '12 days', 'Mozilla/5.0 (Windows NT 10.0; Win64; x64)', 'PL'),
        ('9f685bd0-90e6-479a-99b6-2fad28d2a670', 'redacted_hash_30', NOW() - INTERVAL '11 days', 'Mozilla/5.0 (Macintosh; Intel Mac OS X 10_15_7)', 'CZ'),
        ('9f685bd0-90e6-479a-99b6-2fad28d2a671', 'redacted_hash_31', NOW() - INTERVAL '10 days', 'Mozilla/5.0 (X11; Linux x86_64)', 'AT'),
        ('9f685bd0-90e6-479a-99b6-2fad28d2a672', 'redacted_hash_32', NOW() - INTERVAL '9 days', 'Mozilla/5.0 (iPhone; CPU iPhone OS 16_0)', 'CH'),
        ('9f685bd0-90e6-479a-99b6-2fad28d2a673', 'redacted_hash_33', NOW() - INTERVAL '8 days', 'Mozilla/5.0 (Android 12; Mobile)', 'BE'),
        ('9f685bd0-90e6-479a-99b6-2fad28d2a674', 'redacted_hash_34', NOW() - INTERVAL '7 days', 'Mozilla/5.0 (iPad; CPU OS 16_0)', 'DK'),
        ('9f685bd0-90e6-479a-99b6-2fad28d2a675', 'redacted_hash_35', NOW() - INTERVAL '6 days', 'Mozilla/5.0 (Windows NT 10.0; Win64; x64)', 'FI'),
        ('9f685bd0-90e6-479a-99b6-2fad28d2a676', 'redacted_hash_36', NOW() - INTERVAL '5 days', 'Mozilla/5.0 (Macintosh; Intel Mac OS X 10_15_7)', 'IE'),
        ('9f685bd0-90e6-479a-99b6-2fad28d2a677', 'redacted_hash_37', NOW() - INTERVAL '4 days', 'Mozilla/5.0 (X11; Linux x86_64)', 'PT'),
        ('9f685bd0-90e6-479a-99b6-2fad28d2a678', 'redacted_hash_38', NOW() - INTERVAL '3 days', 'Mozilla/5.0 (iPhone; CPU iPhone OS 16_0)', 'GR'),
        ('9f685bd0-90e6-479a-99b6-2fad28d2a679', 'redacted_hash_39', NOW() - INTERVAL '2 days', 'Mozilla/5.0 (Android 12; Mobile)', 'HU'),
        ('9f685bd0-90e6-479a-99b6-2fad28d2a680', 'redacted_hash_40', NOW() - INTERVAL '1 day', 'Mozilla/5.0 (iPad; CPU OS 16_0)', 'SK'),
        ('9f685bd0-90e6-479a-99b6-2fad28d2a681', 'redacted_hash_41', NOW() - INTERVAL '23 hours', 'Mozilla/5.0 (Windows NT 10.0; Win64; x64)', 'SI'),
        ('9f685bd0-90e6-479a-99b6-2fad28d2a682', 'redacted_hash_42', NOW() - INTERVAL '22 hours', 'Mozilla/5.0 (Macintosh; Intel Mac OS X 10_15_7)', 'HR'),
        ('9f685bd0-90e6-479a-99b6-2fad28d2a683', 'redacted_hash_43', NOW() - INTERVAL '21 hours', 'Mozilla/5.0 (X11; Linux x86_64)', 'BG'),
        ('9f685bd0-90e6-479a-99b6-2fad28d2a684', 'redacted_hash_44', NOW() - INTERVAL '20 hours', 'Mozilla/5.0 (iPhone; CPU iPhone OS 16_0)', 'RO'),
        ('9f685bd0-90e6-479a-99b6-2fad28d2a685', 'redacted_hash_45', NOW() - INTERVAL '19 hours', 'Mozilla/5.0 (Android 12; Mobile)', 'LT'),
        ('9f685bd0-90e6-479a-99b6-2fad28d2a686', 'redacted_hash_46', NOW() - INTERVAL '18 hours', 'Mozilla/5.0 (iPad; CPU OS 16_0)', 'LV'),
        ('9f685bd0-90e6-479a-99b6-2fad28d2a687', 'redacted_hash_47', NOW() - INTERVAL '17 hours', 'Mozilla/5.0 (Windows NT 10.0; Win64; x64)', 'EE'),
        ('9f685bd0-90e6-479a-99b6-2fad28d2a688', 'redacted_hash_48', NOW() - INTERVAL '16 hours', 'Mozilla/5.0 (Macintosh; Intel Mac OS X 10_15_7)', 'LU'),
        ('9f685bd0-90e6-479a-99b6-2fad28d2a689', 'redacted_hash_49', NOW() - INTERVAL '15 hours', 'Mozilla/5.0 (X11; Linux x86_64)', 'MT'),
        ('9f685bd0-90e6-479a-99b6-2fad28d2a690', 'redacted_hash_50', NOW() - INTERVAL '14 hours', 'Mozilla/5.0 (iPhone; CPU iPhone OS 16_0)', 'CY');

-- Insert page visits with realistic timestamps (spread over the last 30 days)
-- Blog posts get the most traffic
INSERT INTO page_visit (page_id, visitor_id, visited_at) VALUES
-- Blog traffic (25 visits)
('9f685bd0-90e6-479a-99b6-2fad28d2a641', '9f685bd0-90e6-479a-99b6-2fad28d2a641', NOW() - INTERVAL '30 days'),
('9f685bd0-90e6-479a-99b6-2fad28d2a641', '9f685bd0-90e6-479a-99b6-2fad28d2a642', NOW() - INTERVAL '29 days'),
('9f685bd0-90e6-479a-99b6-2fad28d2a641', '9f685bd0-90e6-479a-99b6-2fad28d2a643', NOW() - INTERVAL '28 days'),
('9f685bd0-90e6-479a-99b6-2fad28d2a641', '9f685bd0-90e6-479a-99b6-2fad28d2a644', NOW() - INTERVAL '25 days'),
('9f685bd0-90e6-479a-99b6-2fad28d2a641', '9f685bd0-90e6-479a-99b6-2fad28d2a645', NOW() - INTERVAL '20 days'),
('9f685bd0-90e6-479a-99b6-2fad28d2a641', '9f685bd0-90e6-479a-99b6-2fad28d2a646', NOW() - INTERVAL '15 days'),
('9f685bd0-90e6-479a-99b6-2fad28d2a641', '9f685bd0-90e6-479a-99b6-2fad28d2a647', NOW() - INTERVAL '10 days'),
('9f685bd0-90e6-479a-99b6-2fad28d2a641', '9f685bd0-90e6-479a-99b6-2fad28d2a648', NOW() - INTERVAL '7 days'),
('9f685bd0-90e6-479a-99b6-2fad28d2a641', '9f685bd0-90e6-479a-99b6-2fad28d2a649', NOW() - INTERVAL '5 days'),
('9f685bd0-90e6-479a-99b6-2fad28d2a641', '9f685bd0-90e6-479a-99b6-2fad28d2a640', NOW() - INTERVAL '3 days'),

-- Main page traffic (50 visits) - most popular page
('9f685bd0-90e6-479a-99b6-2fad28d2a648', '9f685bd0-90e6-479a-99b6-2fad28d2a641', NOW() - INTERVAL '30 days'),
('9f685bd0-90e6-479a-99b6-2fad28d2a648', '9f685bd0-90e6-479a-99b6-2fad28d2a642', NOW() - INTERVAL '29 days'),
('9f685bd0-90e6-479a-99b6-2fad28d2a648', '9f685bd0-90e6-479a-99b6-2fad28d2a643', NOW() - INTERVAL '28 days'),
('9f685bd0-90e6-479a-99b6-2fad28d2a648', '9f685bd0-90e6-479a-99b6-2fad28d2a644', NOW() - INTERVAL '27 days'),
('9f685bd0-90e6-479a-99b6-2fad28d2a648', '9f685bd0-90e6-479a-99b6-2fad28d2a645', NOW() - INTERVAL '26 days'),
('9f685bd0-90e6-479a-99b6-2fad28d2a648', '9f685bd0-90e6-479a-99b6-2fad28d2a646', NOW() - INTERVAL '25 days'),
('9f685bd0-90e6-479a-99b6-2fad28d2a648', '9f685bd0-90e6-479a-99b6-2fad28d2a647', NOW() - INTERVAL '24 days'),
('9f685bd0-90e6-479a-99b6-2fad28d2a648', '9f685bd0-90e6-479a-99b6-2fad28d2a648', NOW() - INTERVAL '23 days'),
('9f685bd0-90e6-479a-99b6-2fad28d2a648', '9f685bd0-90e6-479a-99b6-2fad28d2a649', NOW() - INTERVAL '22 days'),
('9f685bd0-90e6-479a-99b6-2fad28d2a648', '9f685bd0-90e6-479a-99b6-2fad28d2a640', NOW() - INTERVAL '21 days'),
('9f685bd0-90e6-479a-99b6-2fad28d2a648', '9f685bd0-90e6-479a-99b6-2fad28d2a651', NOW() - INTERVAL '20 days'),
('9f685bd0-90e6-479a-99b6-2fad28d2a648', '9f685bd0-90e6-479a-99b6-2fad28d2a652', NOW() - INTERVAL '19 days'),
('9f685bd0-90e6-479a-99b6-2fad28d2a648', '9f685bd0-90e6-479a-99b6-2fad28d2a653', NOW() - INTERVAL '18 days'),
('9f685bd0-90e6-479a-99b6-2fad28d2a648', '9f685bd0-90e6-479a-99b6-2fad28d2a654', NOW() - INTERVAL '17 days'),
('9f685bd0-90e6-479a-99b6-2fad28d2a648', '9f685bd0-90e6-479a-99b6-2fad28d2a655', NOW() - INTERVAL '16 days'),
('9f685bd0-90e6-479a-99b6-2fad28d2a648', '9f685bd0-90e6-479a-99b6-2fad28d2a656', NOW() - INTERVAL '15 days'),
('9f685bd0-90e6-479a-99b6-2fad28d2a648', '9f685bd0-90e6-479a-99b6-2fad28d2a657', NOW() - INTERVAL '14 days'),
('9f685bd0-90e6-479a-99b6-2fad28d2a648', '9f685bd0-90e6-479a-99b6-2fad28d2a658', NOW() - INTERVAL '13 days'),
('9f685bd0-90e6-479a-99b6-2fad28d2a648', '9f685bd0-90e6-479a-99b6-2fad28d2a659', NOW() - INTERVAL '12 days'),
('9f685bd0-90e6-479a-99b6-2fad28d2a648', '9f685bd0-90e6-479a-99b6-2fad28d2a660', NOW() - INTERVAL '11 days'),
('9f685bd0-90e6-479a-99b6-2fad28d2a648', '9f685bd0-90e6-479a-99b6-2fad28d2a661', NOW() - INTERVAL '10 days'),
('9f685bd0-90e6-479a-99b6-2fad28d2a648', '9f685bd0-90e6-479a-99b6-2fad28d2a662', NOW() - INTERVAL '9 days'),
('9f685bd0-90e6-479a-99b6-2fad28d2a648', '9f685bd0-90e6-479a-99b6-2fad28d2a663', NOW() - INTERVAL '8 days'),
('9f685bd0-90e6-479a-99b6-2fad28d2a648', '9f685bd0-90e6-479a-99b6-2fad28d2a664', NOW() - INTERVAL '7 days'),
('9f685bd0-90e6-479a-99b6-2fad28d2a648', '9f685bd0-90e6-479a-99b6-2fad28d2a665', NOW() - INTERVAL '6 days'),
('9f685bd0-90e6-479a-99b6-2fad28d2a648', '9f685bd0-90e6-479a-99b6-2fad28d2a666', NOW() - INTERVAL '5 days'),
('9f685bd0-90e6-479a-99b6-2fad28d2a648', '9f685bd0-90e6-479a-99b6-2fad28d2a667', NOW() - INTERVAL '4 days'),
('9f685bd0-90e6-479a-99b6-2fad28d2a648', '9f685bd0-90e6-479a-99b6-2fad28d2a668', NOW() - INTERVAL '3 days'),
('9f685bd0-90e6-479a-99b6-2fad28d2a648', '9f685bd0-90e6-479a-99b6-2fad28d2a669', NOW() - INTERVAL '2 days'),
('9f685bd0-90e6-479a-99b6-2fad28d2a648', '9f685bd0-90e6-479a-99b6-2fad28d2a670', NOW() - INTERVAL '1 day'),
('9f685bd0-90e6-479a-99b6-2fad28d2a648', '9f685bd0-90e6-479a-99b6-2fad28d2a671', NOW() - INTERVAL '23 hours'),
('9f685bd0-90e6-479a-99b6-2fad28d2a648', '9f685bd0-90e6-479a-99b6-2fad28d2a672', NOW() - INTERVAL '22 hours'),
('9f685bd0-90e6-479a-99b6-2fad28d2a648', '9f685bd0-90e6-479a-99b6-2fad28d2a673', NOW() - INTERVAL '21 hours'),
('9f685bd0-90e6-479a-99b6-2fad28d2a648', '9f685bd0-90e6-479a-99b6-2fad28d2a674', NOW() - INTERVAL '20 hours'),
('9f685bd0-90e6-479a-99b6-2fad28d2a648', '9f685bd0-90e6-479a-99b6-2fad28d2a675', NOW() - INTERVAL '19 hours'),
('9f685bd0-90e6-479a-99b6-2fad28d2a648', '9f685bd0-90e6-479a-99b6-2fad28d2a676', NOW() - INTERVAL '18 hours'),
('9f685bd0-90e6-479a-99b6-2fad28d2a648', '9f685bd0-90e6-479a-99b6-2fad28d2a677', NOW() - INTERVAL '17 hours'),
('9f685bd0-90e6-479a-99b6-2fad28d2a648', '9f685bd0-90e6-479a-99b6-2fad28d2a678', NOW() - INTERVAL '16 hours'),
('9f685bd0-90e6-479a-99b6-2fad28d2a648', '9f685bd0-90e6-479a-99b6-2fad28d2a679', NOW() - INTERVAL '15 hours'),
('9f685bd0-90e6-479a-99b6-2fad28d2a648', '9f685bd0-90e6-479a-99b6-2fad28d2a680', NOW() - INTERVAL '14 hours'),
('9f685bd0-90e6-479a-99b6-2fad28d2a648', '9f685bd0-90e6-479a-99b6-2fad28d2a681', NOW() - INTERVAL '13 hours'),
('9f685bd0-90e6-479a-99b6-2fad28d2a648', '9f685bd0-90e6-479a-99b6-2fad28d2a682', NOW() - INTERVAL '12 hours'),
('9f685bd0-90e6-479a-99b6-2fad28d2a648', '9f685bd0-90e6-479a-99b6-2fad28d2a683', NOW() - INTERVAL '11 hours'),
('9f685bd0-90e6-479a-99b6-2fad28d2a648', '9f685bd0-90e6-479a-99b6-2fad28d2a684', NOW() - INTERVAL '10 hours'),
('9f685bd0-90e6-479a-99b6-2fad28d2a648', '9f685bd0-90e6-479a-99b6-2fad28d2a685', NOW() - INTERVAL '9 hours'),
('9f685bd0-90e6-479a-99b6-2fad28d2a648', '9f685bd0-90e6-479a-99b6-2fad28d2a686', NOW() - INTERVAL '8 hours'),
('9f685bd0-90e6-479a-99b6-2fad28d2a648', '9f685bd0-90e6-479a-99b6-2fad28d2a687', NOW() - INTERVAL '7 hours'),
('9f685bd0-90e6-479a-99b6-2fad28d2a648', '9f685bd0-90e6-479a-99b6-2fad28d2a688', NOW() - INTERVAL '6 hours'),
('9f685bd0-90e6-479a-99b6-2fad28d2a648', '9f685bd0-90e6-479a-99b6-2fad28d2a689', NOW() - INTERVAL '5 hours'),
('9f685bd0-90e6-479a-99b6-2fad28d2a648', '9f685bd0-90e6-479a-99b6-2fad28d2a690', NOW() - INTERVAL '4 hours'),

-- Contact page (20 visits)
('9f685bd0-90e6-479a-99b6-2fad28d2a642', '9f685bd0-90e6-479a-99b6-2fad28d2a641', NOW() - INTERVAL '25 days'),
('9f685bd0-90e6-479a-99b6-2fad28d2a642', '9f685bd0-90e6-479a-99b6-2fad28d2a642', NOW() - INTERVAL '24 days'),
('9f685bd0-90e6-479a-99b6-2fad28d2a642', '9f685bd0-90e6-479a-99b6-2fad28d2a643', NOW() - INTERVAL '23 days'),
('9f685bd0-90e6-479a-99b6-2fad28d2a642', '9f685bd0-90e6-479a-99b6-2fad28d2a644', NOW() - INTERVAL '22 days'),
('9f685bd0-90e6-479a-99b6-2fad28d2a642', '9f685bd0-90e6-479a-99b6-2fad28d2a645', NOW() - INTERVAL '21 days'),
('9f685bd0-90e6-479a-99b6-2fad28d2a642', '9f685bd0-90e6-479a-99b6-2fad28d2a646', NOW() - INTERVAL '20 days'),
('9f685bd0-90e6-479a-99b6-2fad28d2a642', '9f685bd0-90e6-479a-99b6-2fad28d2a647', NOW() - INTERVAL '19 days'),
('9f685bd0-90e6-479a-99b6-2fad28d2a642', '9f685bd0-90e6-479a-99b6-2fad28d2a648', NOW() - INTERVAL '18 days'),
('9f685bd0-90e6-479a-99b6-2fad28d2a642', '9f685bd0-90e6-479a-99b6-2fad28d2a649', NOW() - INTERVAL '17 days'),
('9f685bd0-90e6-479a-99b6-2fad28d2a642', '9f685bd0-90e6-479a-99b6-2fad28d2a640', NOW() - INTERVAL '16 days'),
('9f685bd0-90e6-479a-99b6-2fad28d2a642', '9f685bd0-90e6-479a-99b6-2fad28d2a651', NOW() - INTERVAL '15 days'),
('9f685bd0-90e6-479a-99b6-2fad28d2a642', '9f685bd0-90e6-479a-99b6-2fad28d2a652', NOW() - INTERVAL '14 days'),
('9f685bd0-90e6-479a-99b6-2fad28d2a642', '9f685bd0-90e6-479a-99b6-2fad28d2a653', NOW() - INTERVAL '13 days'),
('9f685bd0-90e6-479a-99b6-2fad28d2a642', '9f685bd0-90e6-479a-99b6-2fad28d2a654', NOW() - INTERVAL '12 days'),
('9f685bd0-90e6-479a-99b6-2fad28d2a642', '9f685bd0-90e6-479a-99b6-2fad28d2a655', NOW() - INTERVAL '11 days'),
('9f685bd0-90e6-479a-99b6-2fad28d2a642', '9f685bd0-90e6-479a-99b6-2fad28d2a656', NOW() - INTERVAL '10 days'),
('9f685bd0-90e6-479a-99b6-2fad28d2a642', '9f685bd0-90e6-479a-99b6-2fad28d2a657', NOW() - INTERVAL '9 days'),
('9f685bd0-90e6-479a-99b6-2fad28d2a642', '9f685bd0-90e6-479a-99b6-2fad28d2a658', NOW() - INTERVAL '8 days'),
('9f685bd0-90e6-479a-99b6-2fad28d2a642', '9f685bd0-90e6-479a-99b6-2fad28d2a659', NOW() - INTERVAL '7 days'),
('9f685bd0-90e6-479a-99b6-2fad28d2a642', '9f685bd0-90e6-479a-99b6-2fad28d2a660', NOW() - INTERVAL '6 days'),

-- Experience page (16 visits)
('9f685bd0-90e6-479a-99b6-2fad28d2a643', '9f685bd0-90e6-479a-99b6-2fad28d2a641', NOW() - INTERVAL '20 days'),
('9f685bd0-90e6-479a-99b6-2fad28d2a643', '9f685bd0-90e6-479a-99b6-2fad28d2a642', NOW() - INTERVAL '19 days'),
('9f685bd0-90e6-479a-99b6-2fad28d2a643', '9f685bd0-90e6-479a-99b6-2fad28d2a643', NOW() - INTERVAL '18 days'),
('9f685bd0-90e6-479a-99b6-2fad28d2a643', '9f685bd0-90e6-479a-99b6-2fad28d2a644', NOW() - INTERVAL '17 days'),
('9f685bd0-90e6-479a-99b6-2fad28d2a643', '9f685bd0-90e6-479a-99b6-2fad28d2a645', NOW() - INTERVAL '16 days'),
('9f685bd0-90e6-479a-99b6-2fad28d2a643', '9f685bd0-90e6-479a-99b6-2fad28d2a646', NOW() - INTERVAL '15 days'),
('9f685bd0-90e6-479a-99b6-2fad28d2a643', '9f685bd0-90e6-479a-99b6-2fad28d2a647', NOW() - INTERVAL '14 days'),
('9f685bd0-90e6-479a-99b6-2fad28d2a643', '9f685bd0-90e6-479a-99b6-2fad28d2a648', NOW() - INTERVAL '13 days'),
('9f685bd0-90e6-479a-99b6-2fad28d2a643', '9f685bd0-90e6-479a-99b6-2fad28d2a649', NOW() - INTERVAL '12 days'),
('9f685bd0-90e6-479a-99b6-2fad28d2a643', '9f685bd0-90e6-479a-99b6-2fad28d2a640', NOW() - INTERVAL '11 days'),
('9f685bd0-90e6-479a-99b6-2fad28d2a643', '9f685bd0-90e6-479a-99b6-2fad28d2a651', NOW() - INTERVAL '10 days'),
('9f685bd0-90e6-479a-99b6-2fad28d2a643', '9f685bd0-90e6-479a-99b6-2fad28d2a652', NOW() - INTERVAL '9 days'),
('9f685bd0-90e6-479a-99b6-2fad28d2a643', '9f685bd0-90e6-479a-99b6-2fad28d2a653', NOW() - INTERVAL '8 days'),
('9f685bd0-90e6-479a-99b6-2fad28d2a643', '9f685bd0-90e6-479a-99b6-2fad28d2a654', NOW() - INTERVAL '7 days'),
('9f685bd0-90e6-479a-99b6-2fad28d2a643', '9f685bd0-90e6-479a-99b6-2fad28d2a655', NOW() - INTERVAL '6 days'),
('9f685bd0-90e6-479a-99b6-2fad28d2a643', '9f685bd0-90e6-479a-99b6-2fad28d2a656', NOW() - INTERVAL '5 days'),

-- Git page (8 visits)
('9f685bd0-90e6-479a-99b6-2fad28d2a644', '9f685bd0-90e6-479a-99b6-2fad28d2a643', NOW() - INTERVAL '15 days'),
('9f685bd0-90e6-479a-99b6-2fad28d2a644', '9f685bd0-90e6-479a-99b6-2fad28d2a644', NOW() - INTERVAL '14 days'),
('9f685bd0-90e6-479a-99b6-2fad28d2a644', '9f685bd0-90e6-479a-99b6-2fad28d2a645', NOW() - INTERVAL '13 days'),
('9f685bd0-90e6-479a-99b6-2fad28d2a644', '9f685bd0-90e6-479a-99b6-2fad28d2a646', NOW() - INTERVAL '12 days'),
('9f685bd0-90e6-479a-99b6-2fad28d2a644', '9f685bd0-90e6-479a-99b6-2fad28d2a647', NOW() - INTERVAL '11 days'),
('9f685bd0-90e6-479a-99b6-2fad28d2a644', '9f685bd0-90e6-479a-99b6-2fad28d2a648', NOW() - INTERVAL '10 days'),
('9f685bd0-90e6-479a-99b6-2fad28d2a644', '9f685bd0-90e6-479a-99b6-2fad28d2a649', NOW() - INTERVAL '9 days'),
('9f685bd0-90e6-479a-99b6-2fad28d2a644', '9f685bd0-90e6-479a-99b6-2fad28d2a640', NOW() - INTERVAL '8 days'),

-- Git config page (10 visits)
('9f685bd0-90e6-479a-99b6-2fad28d2a645', '9f685bd0-90e6-479a-99b6-2fad28d2a644', NOW() - INTERVAL '10 days'),
('9f685bd0-90e6-479a-99b6-2fad28d2a645', '9f685bd0-90e6-479a-99b6-2fad28d2a645', NOW() - INTERVAL '9 days'),
('9f685bd0-90e6-479a-99b6-2fad28d2a645', '9f685bd0-90e6-479a-99b6-2fad28d2a646', NOW() - INTERVAL '8 days'),
('9f685bd0-90e6-479a-99b6-2fad28d2a645', '9f685bd0-90e6-479a-99b6-2fad28d2a647', NOW() - INTERVAL '7 days'),
('9f685bd0-90e6-479a-99b6-2fad28d2a645', '9f685bd0-90e6-479a-99b6-2fad28d2a648', NOW() - INTERVAL '6 days'),
('9f685bd0-90e6-479a-99b6-2fad28d2a645', '9f685bd0-90e6-479a-99b6-2fad28d2a649', NOW() - INTERVAL '5 days'),
('9f685bd0-90e6-479a-99b6-2fad28d2a645', '9f685bd0-90e6-479a-99b6-2fad28d2a640', NOW() - INTERVAL '4 days'),
('9f685bd0-90e6-479a-99b6-2fad28d2a645', '9f685bd0-90e6-479a-99b6-2fad28d2a641', NOW() - INTERVAL '3 days'),
('9f685bd0-90e6-479a-99b6-2fad28d2a645', '9f685bd0-90e6-479a-99b6-2fad28d2a642', NOW() - INTERVAL '2 days'),
('9f685bd0-90e6-479a-99b6-2fad28d2a645', '9f685bd0-90e6-479a-99b6-2fad28d2a643', NOW() - INTERVAL '1 day'),

-- Imprint page (5 visits)
('9f685bd0-90e6-479a-99b6-2fad28d2a646', '9f685bd0-90e6-479a-99b6-2fad28d2a647', NOW() - INTERVAL '5 days'),
('9f685bd0-90e6-479a-99b6-2fad28d2a646', '9f685bd0-90e6-479a-99b6-2fad28d2a648', NOW() - INTERVAL '4 days'),
('9f685bd0-90e6-479a-99b6-2fad28d2a646', '9f685bd0-90e6-479a-99b6-2fad28d2a649', NOW() - INTERVAL '3 days'),
('9f685bd0-90e6-479a-99b6-2fad28d2a646', '9f685bd0-90e6-479a-99b6-2fad28d2a640', NOW() - INTERVAL '2 days'),
('9f685bd0-90e6-479a-99b6-2fad28d2a646', '9f685bd0-90e6-479a-99b6-2fad28d2a641', NOW() - INTERVAL '1 day'),

-- Imprint with slash (8 visits)
('9f685bd0-90e6-479a-99b6-2fad28d2a647', '9f685bd0-90e6-479a-99b6-2fad28d2a648', NOW() - INTERVAL '3 days'),
('9f685bd0-90e6-479a-99b6-2fad28d2a647', '9f685bd0-90e6-479a-99b6-2fad28d2a649', NOW() - INTERVAL '2 days'),
('9f685bd0-90e6-479a-99b6-2fad28d2a647', '9f685bd0-90e6-479a-99b6-2fad28d2a640', NOW() - INTERVAL '1 day'),
('9f685bd0-90e6-479a-99b6-2fad28d2a647', '9f685bd0-90e6-479a-99b6-2fad28d2a641', NOW() - INTERVAL '12 hours'),
('9f685bd0-90e6-479a-99b6-2fad28d2a647', '9f685bd0-90e6-479a-99b6-2fad28d2a642', NOW() - INTERVAL '10 hours'),
('9f685bd0-90e6-479a-99b6-2fad28d2a647', '9f685bd0-90e6-479a-99b6-2fad28d2a643', NOW() - INTERVAL '8 hours'),
('9f685bd0-90e6-479a-99b6-2fad28d2a647', '9f685bd0-90e6-479a-99b6-2fad28d2a644', NOW() - INTERVAL '6 hours'),
('9f685bd0-90e6-479a-99b6-2fad28d2a647', '9f685bd0-90e6-479a-99b6-2fad28d2a645', NOW() - INTERVAL '4 hours');

-- Additional blog visits to increase diversity (15 more visits)
INSERT INTO page_visit (page_id, visitor_id, visited_at) VALUES
('9f685bd0-90e6-479a-99b6-2fad28d2a641', '9f685bd0-90e6-479a-99b6-2fad28d2a641', NOW() - INTERVAL '27 days'),
('9f685bd0-90e6-479a-99b6-2fad28d2a641', '9f685bd0-90e6-479a-99b6-2fad28d2a642', NOW() - INTERVAL '26 days'),
('9f685bd0-90e6-479a-99b6-2fad28d2a641', '9f685bd0-90e6-479a-99b6-2fad28d2a643', NOW() - INTERVAL '24 days'),
('9f685bd0-90e6-479a-99b6-2fad28d2a641', '9f685bd0-90e6-479a-99b6-2fad28d2a644', NOW() - INTERVAL '23 days'),
('9f685bd0-90e6-479a-99b6-2fad28d2a641', '9f685bd0-90e6-479a-99b6-2fad28d2a645', NOW() - INTERVAL '22 days'),
('9f685bd0-90e6-479a-99b6-2fad28d2a641', '9f685bd0-90e6-479a-99b6-2fad28d2a646', NOW() - INTERVAL '21 days'),
('9f685bd0-90e6-479a-99b6-2fad28d2a641', '9f685bd0-90e6-479a-99b6-2fad28d2a647', NOW() - INTERVAL '18 days'),
('9f685bd0-90e6-479a-99b6-2fad28d2a641', '9f685bd0-90e6-479a-99b6-2fad28d2a648', NOW() - INTERVAL '17 days'),
('9f685bd0-90e6-479a-99b6-2fad28d2a641', '9f685bd0-90e6-479a-99b6-2fad28d2a649', NOW() - INTERVAL '16 days'),
('9f685bd0-90e6-479a-99b6-2fad28d2a641', '9f685bd0-90e6-479a-99b6-2fad28d2a640', NOW() - INTERVAL '14 days'),
('9f685bd0-90e6-479a-99b6-2fad28d2a641', '9f685bd0-90e6-479a-99b6-2fad28d2a641', NOW() - INTERVAL '13 days'),
('9f685bd0-90e6-479a-99b6-2fad28d2a641', '9f685bd0-90e6-479a-99b6-2fad28d2a642', NOW() - INTERVAL '11 days'),
('9f685bd0-90e6-479a-99b6-2fad28d2a641', '9f685bd0-90e6-479a-99b6-2fad28d2a643', NOW() - INTERVAL '9 days'),
('9f685bd0-90e6-479a-99b6-2fad28d2a641', '9f685bd0-90e6-479a-99b6-2fad28d2a644', NOW() - INTERVAL '6 days'),
('9f685bd0-90e6-479a-99b6-2fad28d2a641', '9f685bd0-90e6-479a-99b6-2fad28d2a645', NOW() - INTERVAL '4 days');